three,four,five,six
аби,авто,абзац,абажур,
або,азот,абиде,абетка,
абу,айва,абияк,абсент,
ава,алея,аборт,абсурд,
ага,анод,абощо,аварія,
акт,арка,аваль,адреса,
але,арфа,аванс,азбука,
аул,атом,авеню,азимут,
бай,баба,аврал,акація,
бак,бава,автор,альбом,
бал,база,агент,ампула,
бар,байт,аґрус,амулет,
бас,баки,азарт,аналіз,
бах,бали,азіат,аналог,
бая,банк,акорд,ангіна,
без,бант,актив,анкета,
бей,баня,акула,антена,
бек,баян,акциз,анчоус,
бик,бинт,акція,апарат,
біб,бити,алібі,аптека,
біг,біда,Аліна,арахіс,
бій,біль,алмаз,артист,
бік,блок,альфа,ательє,
бір,блуд,алярм,бабуся,
бов,бокс,аміак,багато,
боз,болт,ангар,бажати,
бор,борг,аніме,базіка,
бот,борт,Аніта,байдак,
бра,брак,анонс,байкар,
буж,брат,аргон,баклан,
буз,бриз,ареал,баланс,
буй,брід,арена,балкон,
бук,бруд,аркуш,бамбук,
бум,бува,армія,бандит,
бур,буде,архів,банний,
бут,було,атлас,бар'єр,
вал,бури,атлет,бартер,
вап,буря,афера,бархан,
вар,бути,бабак,басейн,
ваш,буча,бабин,батьки,
вже,бюро,бабка,батько,
віл,бюст,багач,бачити,
газ,в'язи,багно,бджола,
гай,в'яло,базар,безліч,
гей,вага,байка,безмір,
ґей,вада,бакай,бензин,
гід,ваза,бакан,бенкет,
гол,вата,балет,береза,
гра,вежа,балик,беркут,
дах,весь,балія,бильце,
дим,вето,банан,бігати,
дія,вила,банер,бізнес,
для,вино,банка,бісеня,
дощ,віза,баняк,бісити,
душ,Віка,барак,блогер,
ера,віла,баран,блузка,
жид,внук,баржа,блюдце,
жук,вода,барон,бовдур,
зір,вона,батіг,богиня,
зоб,вони,батон,бойкот,
зуб,воно,башта,болото,
їжа,вухо,бердо,бомбер,
іти,ґава,бетон,борець,
кат,гайп,бидло,борода,
кий,гель,бичок,борона,
кир,гиря,бігом,борсук,
кит,ґніт,бігти,борщик,
кіл,ґонт,бігун,боягуз,
кін,гора,бідак,боязко,
кіп,горб,бідон,боязнь,
кір,горн,бізон,бравий,
кіт,грак,бійка,бранка,
код,грам,білий,братва,
лад,гриб,білка,брехун,
лев,гріх,білок,брикет,
лем,грош,біляш,бринза,
лин,гуси,біржа,бритва,
ліс,дані,бісер,бричка,
лоб,Даня,бісик,бровар,
лов,дати,благо,бронза,
лук,день,блиск,бронхи,
м'яч,диво,блоха,брусок,
май,диск,блохи,брутто,
мак,діяч,блуза,бублик,
мед,доба,блюдо,бубусі,
меч,доля,бодай,будити,
мир,друг,боєць,будова,
мис,дуже,божий,бузина,
мій,дуло,бокал,буквар,
мір,душа,бомба,буксир,
мох,дюна,босяк,бульба,
наш,ефір,бочка,булька,
низ,жезл,браво,бункер,
ніс,жити,брама,бур'ян,
ніч,жито,брати,бурбон,
оде,звір,бренд,бутель,
око,звіт,брила,буцати,
орк,звук,брити,бюджет,
пал,зима,буває,в'язень,
пан,злак,бувай,вабити,
пес,злий,бугай,важкий,
під,змія,будка,валіза,
піч,зоря,будяк,вандал,
плі,зсув,бузок,вариво,
пре,ідея,буква,варити,
при,їжак,букет,вахтер,
про,їсти,булка,вбитий,
раб,його,буран,вбрати,
рай,кава,буряк,вдалий,
рак,кадр,бусел,вдруге,
рів,кайф,буфет,вигляд,
ріг,каре,бухта,вимова,
рік,каса,в'язка,вишняк,
рух,ківш,в'ялий,вівтар,
сад,кіно,вавка,вівчар,
січ,кінь,вагон,внесок,
соб,кліщ,важко,вогонь,
сон,клуб,вазон,водень,
сто,ключ,ванна,волока,
суд,кляп,вапно,восени,
так,коза,ватра,вправа,
там,коли,вверх,вручну,
тин,коло,вглиб,вулкан,
тло,кома,вгорі,ґавити,
тор,кора,вдача,гаджет,
три,корж,вдова,ґаджет,
тур,коса,вдома,газета,
тут,краб,верба,галузь,
туш,край,весна,ганьба,
убо,крем,вечір,гарбуз,
уже,кріп,взяти,гарний,
фас,кров,вигук,гітара,
фах,крок,виказ,глухий,
фіг,круг,вимір,гнилий,
хаз,купа,вишка,година,
хан,лава,вишня,голова,
хід,лайм,вівця,гончар,
хто,лама,війна,горище,
цап,лапа,вікно,горіти,
цар,ласо,віник,горщик,
цей,лата,вісім,горюни,
цеп,лечо,вітер,готель,
цех,липа,влада,граблі,
ціп,лихо,вмить,грехіт,
цуг,ліки,ворог,ґудзик,
цуґ,лінь,вузол,давати,
цюк,ліра,вчора,далебі,
чай,літо,вщент,далеко,
час,ліфт,ґазда,дальше,
чех,лобі,галка,двигун,
чин,ложа,ґанок,двійня,
чир,лоза,гараж,дерево,
чос,лоно,ґвалт,десять,
чур,луна,ґедзь,деталь,
шиб,льон,герой,дефект,
юга,льох,глава,деякий,
юка,люди,голий,джинси,
юно,м'ясо,голос,дизайн,
юнь,м'ята,ґонта,дитина,
язь,мало,гопак,диявол,
яка,мама,горіх,Дмитро,
цих,мапа,город,Дніпро,
нам,мати,грань,добрий,
нас,маяк,грати,довгий,
в'яз,мета,ґрати,довіра,
ім'я,мить,гроші,дозвіл,
сім,миша,груба,долина,
два,міць,ґрунь,долоня,
дід,мліг,група,дорога,
рот,мова,груша,досвід,
шия,море,гумор,досить,
вія,мрія,гусак,дракон,
,муха,гуска,другий,
,Надя,двері,дружба,
,нард,дехто,думати,
,небо,дзвін,дурило,
,неня,дзиґа,дурити,
,нива,дивак,Европа,
,нога,дикий,жабиня,
,нора,Діана,живець,
,ноші,діяти,жовтий,
,нуль,днями,жолудь,
,нумо,довіз,завжди,
,об'єм,дохід,завтра,
,овал,дочка,залізо,
,овва,дошка,засада,
,овес,драйв,захват,
,овоч,дужка,захист,
,один,думка,зелене,
,одяг,дятел,злочин,
,окоп,Еріка,знайти,
,олія,життя,знання,
,омар,жінка,золото,
,онук,з'їзд,зразок,
,орач,завод,їздити,
,орел,задум,імпорт,
,орка,заєць,інакше,
,отак,закон,інколи,
,п'єса,заряд,істина,
,п'ять,засіб,істота,
,пава,затор,кабель,
,пазл,зброя,каблук,
,пані,зграя,казати,
,парк,земля,казино,
,пиво,зерно,казкар,
,пити,зірка,кактус,
,плід,злива,камера,
,пліт,зміст,камінь,
,плуг,змова,канава,
,поле,знати,канапа,
,прах,зошит,каптур,
,птах,зріст,карате,
,раба,ікона,Каріна,
,рада,Ілона,касета,
,ранг,індик,квітка,
,риба,інший,кволий,
,рись,іспит,квочка,
,ріпа,їхати,кидати,
,роги,кавун,кисень,
,ромб,кадик,кисіль,
,рука,кажан,кицька,
,руці,казан,кицюня,
,сайт,казка,кишеня,
,сало,казна,кіборг,
,саме,какао,кіготь,
,саше,калій,кігтик,
,свій,канал,кільце,
,світ,канон,кістка,
,село,карий,класти,
,сенс,карта,клімат,
,сила,карти,клітка,
,сито,касир,клопіт,
,сіль,каска,клумба,
,сіни,качка,клунок,
,слиз,квант,Кобзар,
,слон,келех,кобила,
,смак,кепка,кобура,
,сніг,кермо,коваль,
,сноб,кефір,ковбой,
,сова,кивок,ковдра,
,спис,кидок,ковпак,
,спів,килим,кожний,
,стіл,кирпа,колесо,
,сума,кисть,коліно,
,схід,кишка,колода,
,Таня,кізяк,комаха,
,тато,кілок,компас,
,твій,кіоск,компот,
,твір,кішка,кордон,
,тека,клоун,коржик,
,тема,клуня,корито,
,труд,книга,кориця,
,туба,кобза,корінь,
,тхір,кобра,корова,
,убір,когут,короїд,
,удар,кожух,король,
,уран,козак,корона,
,уряд,козел,корпус,
,файл,колаж,котити,
,фата,колач,кохати,
,фейк,колба,крадіж,
,фунт,колір,крадій,
,хата,комар,країна,
,хліб,комік,кріпак,
,хлів,комір,кролик,
,хмиз,коник,кунжут,
,хоть,конюх,курінь,
,храм,корал,курсор,
,цабе,корма,куртка,
,цвіт,корок,кусати,
,цвях,короп,лебідь,
,цент,котик,левада,
,цикл,кошик,левеня,
,цирк,краля,легеня,
,ціль,криве,легкий,
,ціна,кріль,лещата,
,чари,кубик,лижник,
,чача,кулак,липень,
,чути,курок,літати,
,шале,курча,літера,
,шина,кухар,лобзик,
,шифр,кухня,лобода,
,шкло,лаваш,ловець,
,шлюб,ланка,логіка,
,щодо,лижня,лозина,
,щука,лизун,лопата,
,юнак,лиман,лохина,
,юнга,лимар,лущити,
,юнка,лимон,любити,
,юрта,лисий,любчик,
,юшка,ліана,людина,
,явір,ліжко,лялька,
,явка,лікар,майдан,
,ягня,літак,маячня,
,ядро,ліцей,меліса,
,язик,ложка,мечеть,
,яйце,любов,Микита,
,якби,лютий,милиця,
,який,мавка,місяць,
,якір,мажор,мовник,
,якщо,майка,могила,
,ямка,малий,молоко,
,ярмо,малюк,момент,
,ярок,матюк,монтаж,
,ярус,метал,морпіх,
,ясен,миска,мудрий,
,ясла,мишка,музика,
,ясна,місія,набути,
,ясно,місто,навіки,
,яхта,місце,навпіл,
,ящик,могти,наглий,
,ящір,мопед,неділя,
,хрущ,моряк,ненька,
,,мурал,низина,
,,Назар,ніздря,
,,назва,новела,
,,намет,ножиці,
,,напій,оберіг,
,,народ,огірок,
,,наука,окорок,
,,нація,окраса,
,,небіж,орбіта,
,,нирка,оренда,
,,нитка,освіта,
,,новий,острів,
,,номер,оцінка,
,,обмін,п'ятий,
,,образ,палата,
,,огляд,палець,
,,ожика,палиця,
,,ожина,пандус,
,,озеро,паніка,
,,океан,паркан,
,,окріп,пароль,
,,округ,пастка,
,,окунь,патрон,
,,олень,персик,
,,олива,перший,
,,олово,печера,
,,омега,писати,
,,осінь,питати,
,,ослін,півень,
,,особа,підлий,
,,отець,підмет,
,,охота,пізній,
,,павич,пільга,
,,папір,пісуар,
,,патик,пісяти,
,,пацюк,плазма,
,,пеніс,плівка,
,,перед,повінь,
,,пиріг,поезія,
,,писок,пожежа,
,,пісня,порада,
,,пісок,почати,
,,плече,правда,
,,плита,прадід,
,,попит,прапор,
,,попри,праска,
,,потік,пращур,
,,потяг,предок,
,,пошта,привіт,
,,пошук,прийти,
,,права,прилад,
,,право,примат,
,,праця,примус,
,,проба,примха,
,,пугач,прихід,
,,разом,приціл,
,,ранок,проєкт,
,,ребро,проїзд,
,,ринок,пророк,
,,річка,процес,
,,робот,равлик,
,,розум,радити,
,,рости,рамень,
,,ротор,редька,
,,рудий,рідина,
,,ручка,різьба,
,,рядок,робити,
,,салон,робота,
,,секта,родина,
,,серце,рушник,
,,сесія,рясний,
,,синій,Сабіна,
,,синус,салямі,
,,синяк,сварка,
,,сімка,світло,
,,сірий,свічка,
,,скарб,сволок,
,,склад,секція,
,,слава,селище,
,,слива,сервіс,
,,слово,сестра,
,,слоїк,сидіти,
,,смуга,силует,
,,собор,сідати,
,,сонце,січень,
,,спати,скирта,
,,спина,скотар,
,,спорт,сліпий,
,,сталь,собака,
,,стати,сокира,
,,стиль,солдат,
,,стіна,список,
,,страх,спілка,
,,струс,спосіб,
,,сусід,справа,
,,сухий,спрага,
,,сходи,стайня,
,,такий,старий,
,,також,стояти,
,,театр,стусан,
,,текст,субота,
,,тихий,судома,
,,тітка,сумнів,
,,тліти,сундук,
,,тобто,Таїсія,
,,товар,Таміла,
,,толок,твердь,
,,тонна,темний,
,,торба,теплий,
,,торік,термін,
,,точно,тільки,
,,трава,тонкий,
,,тренд,тополя,
,,троща,травма,
,,туман,трафік,
,,узвар,трійка,
,,узяти,тяжкий,
,,умова,убгати,
,,учень,убивця,
,,фальш,убитий,
,,фінал,убогий,
,,фішка,утопія,
,,форма,флейта,
,,форум,фліска,
,,фреза,футбол,
,,фрукт,ховати,
,,хвиля,ходити,
,,хвіст,ходьба,
,,хижий,хом'як,
,,хімія,хостел,
,,хокей,хотіти,
,,хтось,хробак,
,,центр,худоба,
,,цифра,цемент,
,,цілий,церква,
,,цукат,цибуля,
,,цукор,циклон,
,,чайка,цитрус,
,,чашка,цицька,
,,черга,цінити,
,,чийсь,цінний,
,,число,цінник,
,,шабля,цокати,
,,швець,цоколь,
,,шинка,цунамі,
,,шість,цуценя,
,,шкода,частка,
,,школа,чверть,
,,штрих,червяк,
,,шукач,черпак,
,,щастя,четвер,
,,юрист,читати,
,,явище,чомусь,
,,явний,чорний,
,,ягода,швидко,
,,ягуар,шелест,
,,яєшня,шістка,
,,якраз,шлунок,
,,ялець,шредер,
,,ялина,шукати,
,,янгол,щабель,
,,янтар,щавель,
,,ясний,яблуко,
,,багет,яблуня,
,,,якийсь,
,,,якість,
,,,ялинка,
,,,яничар,
,,,ячмінь,
,,,ящичок,
,,,ящірка,